{
    "audioVolume": 1.0,
    "soundVolume": 0.4317246973514557,
    "musicVolume": 0.7967333793640137,
    "vibrationOn": false,
    "language": 0
}