{"musicVolume":0.5799999833106995,"soundVolume":0.8799999952316284,"vibration":false}