{
    "musicVolume": 0.4699999988079071,
    "soundVolume": 0.8799999952316284,
    "vibration": true
}